{
  "project_info": {
    "project_number": "494226588889",
    "firebase_url": "https://onlineexam-c4e68-default-rtdb.firebaseio.com",
    "project_id": "onlineexam-c4e68",
    "storage_bucket": "onlineexam-c4e68.appspot.com"
  },
  "client": [
    {
      "client_info": {
        "mobilesdk_app_id": "1:494226588889:android:0db7f5f5a9b371a8f12ac8",
        "android_client_info": {
          "package_name": "com.example.onlineexam"
        }
      },
      "oauth_client": [
        {
          "client_id": "494226588889-e9co7cd6dl0qh0l0njg2fl908m7pfvrf.apps.googleusercontent.com",
          "client_type": 3
        }
      ],
      "api_key": [
        {
          "current_key": "AIzaSyDTtGCsihCf2yZZL-Abu2dhXvAZp9FBfP4"
        }
      ],
      "services": {
        "appinvite_service": {
          "other_platform_oauth_client": [
            {
              "client_id": "494226588889-e9co7cd6dl0qh0l0njg2fl908m7pfvrf.apps.googleusercontent.com",
              "client_type": 3
            }
          ]
        }
      }
    }
  ],
  "configuration_version": "1"
}